"words@va1985f","@va1985f",40.016,40.354,"длится"
"words@va1985f","@va1985f",40.354,40.511,"он"
"words@va1985f","@va1985f",40.511,40.703,"ну"
"words@va1985f","@va1985f",40.703,40.895,"/"
"words@va1985f","@va1985f",40.895,41.284,"несколько"
"words@va1985f","@va1985f",41.284,41.569,"лет"
"words@va1985f","@va1985f",41.569,41.901,"я"
"words@va1985f","@va1985f",41.901,42.116,"не"
"words@va1985f","@va1985f",42.116,42.476,"считаю"
"words@va1985f","@va1985f",42.476,42.61,"честно"
"words@va1985f","@va1985f",42.61,42.825,"говоря"
"words@va1985f","@va1985f",42.825,42.918,"у"
"words@va1985f","@va1985f",42.918,43.11,"меня"
"words@va1985f","@va1985f",43.11,43.47,"плохо"
"words@va1985f","@va1985f",43.47,43.704,"так"
"words@va1985f","@va1985f",43.704,43.959,"/"
"words@va1985f","@va1985f",43.959,44.029,"в"
"words@va1985f","@va1985f",44.029,44.372,"принципе"
"words@va1985f","@va1985f",44.372,44.517,"с"
"words@va1985f","@va1985f",44.517,45.732,"пространственно-временными"
"words@va1985f","@va1985f",45.732,46.418,"понятиями"
"words@va1985f","@va1985f",46.418,46.709,"/"
"words@va1985f","@va1985f",46.709,47.0,"потому"
"words@va1985f","@va1985f",47.0,47.162,"что"
"words@va1985f","@va1985f",47.162,47.43,"даже"
"words@va1985f","@va1985f",47.43,47.604,"то"
"words@va1985f","@va1985f",47.604,47.761,"что"
"words@va1985f","@va1985f",47.761,47.988,"было"
"words@va1985f","@va1985f",47.988,48.203,"вчера"
"words@va1985f","@va1985f",48.203,48.308,"мне"
"words@va1985f","@va1985f",48.308,48.546,"может"
"words@va1985f","@va1985f",48.546,48.796,"казаться"
"words@va1985f","@va1985f",48.796,48.959,"что"
"words@va1985f","@va1985f",48.959,49.122,"это"
"words@va1985f","@va1985f",49.122,49.325,"было"
"words@va1985f","@va1985f",49.325,49.656,"неделю"
"words@va1985f","@va1985f",49.656,49.848,"назад"
"words@va1985f","@va1985f",49.848,49.93,"/"
"words@va1985f","@va1985f",49.93,50.0,"/"
"words@va1985f","@va1985f",50.741,50.848,"ну"
"words@va1985f","@va1985f",50.848,51.063,"так"
"words@va1985f","@va1985f",51.063,51.313,"вот"
"words@va1985f","@va1985f",51.313,51.511,"ну"
"words@va1985f","@va1985f",51.511,51.72,"наверное"
"words@va1985f","@va1985f",51.72,51.86,"уже"
"words@va1985f","@va1985f",51.86,52.156,"несколько"
"words@va1985f","@va1985f",52.156,52.418,"лет"
"words@va1985f","@va1985f",52.418,52.604,"/"
"words@va1985f","@va1985f",52.604,52.97,"три"
"words@va1985f","@va1985f",52.97,53.226,"три"
"words@va1985f","@va1985f",53.226,53.72,"наверное"
"words@va1985f","@va1985f",53.72,53.813,"/"
"words@va1985f","@va1985f",53.813,54.11,"три"
"words@va1985f","@va1985f",54.11,54.302,"может"
"words@va1985f","@va1985f",54.302,54.476,"быть"
"words@va1985f","@va1985f",54.476,54.941,"четыре"
"words@va1985f","@va1985f",54.941,55.029,"/"
"words@va1985f","@va1985f",55.029,55.101,"/"
"words@va1985f","@va1985f",56.013,56.18,"да"
"words@va1985f","@va1985f",56.18,56.348,"/"
"words@va1985f","@va1985f",56.348,56.494,"и"
"words@va1985f","@va1985f",56.494,56.686,"/"
"words@va1985f","@va1985f",56.686,56.796,"до"
"words@va1985f","@va1985f",56.796,57.191,"этого"
"words@va1985f","@va1985f",57.191,57.61,"я"
"words@va1985f","@va1985f",57.61,58.011,"была"
"words@va1985f","@va1985f",58.011,58.715,"/"
"words@va1985f","@va1985f",58.715,59.005,"эээ"
"words@va1985f","@va1985f",59.005,59.255,"/"
"words@va1985f","@va1985f",59.255,59.784,"преподавателем"
"words@va1985f","@va1985f",59.784,60.796,"фотографии"
"words@va1985f","@va1985f",60.796,61.308,"/"
"words@va1985f","@va1985f",61.308,61.401,"в"
"words@va1985f","@va1985f",61.401,61.773,"фотошколе"
"words@va1985f","@va1985f",61.773,62.401,"/"
"words@va1985f","@va1985f",62.401,63.017,"московской"
"words@va1985f","@va1985f",63.017,63.296,"/"
"words@va1985f","@va1985f",63.296,63.511,"она"
"words@va1985f","@va1985f",63.511,63.709,"была"
"words@va1985f","@va1985f",63.709,64.063,"онлайн"
"words@va1985f","@va1985f",64.063,64.174,"то"
"words@va1985f","@va1985f",64.174,64.325,"есть"
"words@va1985f","@va1985f",64.325,64.517,"по"
"words@va1985f","@va1985f",64.517,64.715,"всему"
"words@va1985f","@va1985f",64.715,64.912,"миру"
"words@va1985f","@va1985f",64.912,65.308,"/"
"words@va1985f","@va1985f",65.308,65.412,"я"
"words@va1985f","@va1985f",65.412,65.755,"жила"
"words@va1985f","@va1985f",65.755,65.86,"в"
"words@va1985f","@va1985f",65.86,66.267,"Петербурге"
"words@va1985f","@va1985f",66.267,66.372,"/"
"words@va1985f","@va1985f",66.372,66.455,"/"
"words@va1985f","@va1985f",67.652,67.819,"будет"
"words@va1985f","@va1985f",67.819,68.075,"сейчас"
"words@va1985f","@va1985f",68.075,68.651,"сбивчивый"
"words@va1985f","@va1985f",68.651,68.924,"рассказ"
"words@va1985f","@va1985f",68.924,69.203,"потому"
"words@va1985f","@va1985f",69.203,69.372,"что"
"words@va1985f","@va1985f",69.372,69.68,"нет"
"words@va1985f","@va1985f",69.68,70.017,"четкой"
"words@va1985f","@va1985f",70.017,70.534,"линии"
"words@va1985f","@va1985f",70.534,70.649,"//"
"words@va1985f","@va1985f",71.524,71.998,"эээ"
"words@va1985f","@va1985f",73.307,73.656,"да"
"words@va1985f","@va1985f",73.656,74.11,"/"
"words@va1985f","@va1985f",74.11,74.482,"эээ"
"words@va1985f","@va1985f",74.482,74.639,"я"
"words@va1985f","@va1985f",74.639,75.014,"хотела"
"words@va1985f","@va1985f",75.014,75.389,"завести"
"words@va1985f","@va1985f",75.389,75.752,"блог"
"words@va1985f","@va1985f",75.752,75.848,"с"
"words@va1985f","@va1985f",75.848,76.744,"рецептами"
"words@va1985f","@va1985f",76.744,76.889,"они"
"words@va1985f","@va1985f",76.889,77.203,"были"
"words@va1985f","@va1985f",77.203,77.825,"популярны"
"words@va1985f","@va1985f",77.825,77.93,"в"
"words@va1985f","@va1985f",77.93,78.011,"то"
"words@va1985f","@va1985f",78.011,78.36,"время"
"words@va1985f","@va1985f",78.36,78.703,"/"
"words@va1985f","@va1985f",78.703,78.941,"ну"
"words@va1985f","@va1985f",78.941,79.069,"как"
"words@va1985f","@va1985f",79.069,79.238,"мне"
"words@va1985f","@va1985f",79.238,80.075,"показалось"
"words@va1985f","@va1985f",80.075,80.569,"ЖЖ"
"words@va1985f","@va1985f",80.569,81.401,"/"
"words@va1985f","@va1985f",81.401,81.808,"красивые"
"words@va1985f","@va1985f",81.808,82.616,"фотографии"
"words@va1985f","@va1985f",82.616,82.709,"/"
"words@va1985f","@va1985f",82.709,82.808,"/"
"words@va1985f","@va1985f",83.058,83.162,"а"
"words@va1985f","@va1985f",83.162,83.366,"я"
"words@va1985f","@va1985f",83.366,83.645,"даже"
"words@va1985f","@va1985f",83.645,84.017,"возможно"
"words@va1985f","@va1985f",84.017,84.151,"у"
"words@va1985f","@va1985f",84.151,84.447,"своих"
"words@va1985f","@va1985f",84.447,84.912,"студентов"
"words@va1985f","@va1985f",84.912,85.052,"из"
"words@va1985f","@va1985f",85.052,85.639,"фотошколы"
"words@va1985f","@va1985f",85.639,85.936,"видела"
"words@va1985f","@va1985f",85.936,86.22,"эти"
"words@va1985f","@va1985f",86.22,86.523,"/"
"words@va1985f","@va1985f",86.523,86.941,"какие-нибудь"
"words@va1985f","@va1985f",86.941,87.127,"там"
"words@va1985f","@va1985f",87.127,87.639,"блюда"
"words@va1985f","@va1985f",87.639,87.976,"красивые"
"words@va1985f","@va1985f",87.976,88.075,"/"
"words@va1985f","@va1985f",88.075,88.156,"/"
"words@va1985f","@va1985f",88.457,88.558,"ну"
"words@va1985f","@va1985f",88.558,88.767,"начала"
"words@va1985f","@va1985f",88.767,88.965,"спрашивать"
"words@va1985f","@va1985f",88.965,89.029,"а"
"words@va1985f","@va1985f",89.029,89.238,"где"
"words@va1985f","@va1985f",89.238,89.372,"вы"
"words@va1985f","@va1985f",89.372,90.052,"публикуете"
"words@va1985f","@va1985f",90.052,90.186,"они"
"words@va1985f","@va1985f",90.186,90.325,"говорят"
"words@va1985f","@va1985f",90.325,90.47,"ну"
"words@va1985f","@va1985f",90.47,90.61,"там"
"words@va1985f","@va1985f",90.61,90.715,"в"
"words@va1985f","@va1985f",90.715,90.918,"ЖЖ"
"words@va1985f","@va1985f",90.918,91.005,"у"
"words@va1985f","@va1985f",91.005,91.186,"нас"
"words@va1985f","@va1985f",91.186,91.372,"блоги"
"words@va1985f","@va1985f",91.372,91.546,"и"
"words@va1985f","@va1985f",91.546,91.837,"так"
"words@va1985f","@va1985f",91.837,91.988,"далее"
"words@va1985f","@va1985f",91.988,92.075,"/"
"words@va1985f","@va1985f",92.075,92.152,"/"
"words@va1985f","@va1985f",93.003,93.116,"я"
"words@va1985f","@va1985f",93.116,93.29,"тоже"
"words@va1985f","@va1985f",93.29,93.604,"захотела"
"words@va1985f","@va1985f",93.604,93.837,"завести"
"words@va1985f","@va1985f",93.837,93.988,"себе"
"words@va1985f","@va1985f",93.988,94.331,"блог"
"words@va1985f","@va1985f",94.331,94.436,"и"
"words@va1985f","@va1985f",94.436,94.645,"даже"
"words@va1985f","@va1985f",94.645,95.279,"завела"
"words@va1985f","@va1985f",95.279,95.569,"он"
"words@va1985f","@va1985f",95.569,95.819,"где-то"
"words@va1985f","@va1985f",95.819,96.116,"есть"
"words@va1985f","@va1985f",96.116,96.284,"без"
"words@va1985f","@va1985f",96.284,97.011,"единого"
"words@va1985f","@va1985f",97.011,97.22,"поста"
"words@va1985f","@va1985f",97.22,97.29,"/"
"words@va1985f","@va1985f",97.29,97.365,"/"
"words@va1985f","@va1985f",98.173,98.273,"но"
"words@va1985f","@va1985f",98.273,98.377,"в"
"words@va1985f","@va1985f",98.377,98.488,"то"
"words@va1985f","@va1985f",98.488,98.61,"же"
"words@va1985f","@va1985f",98.61,99.0,"время"
"words@va1985f","@va1985f",99.0,99.069,"я"
"words@va1985f","@va1985f",99.069,99.639,"начала"
"words@va1985f","@va1985f",99.639,100.255,"выкладывать"
"words@va1985f","@va1985f",100.255,100.36,"в"
"words@va1985f","@va1985f",100.36,100.889,"инстаграм"
"words@va1985f","@va1985f",100.889,101.366,"какие-то"
"words@va1985f","@va1985f",101.366,102.011,"кексики"
"words@va1985f","@va1985f",102.011,102.378,"/"
"words@va1985f","@va1985f",102.378,103.058,"капкейки"
"words@va1985f","@va1985f",103.058,103.156,"/"
"words@va1985f","@va1985f",103.156,103.256,"/"
"words@va1985f","@va1985f",103.551,103.883,"они"
"words@va1985f","@va1985f",103.883,104.337,"самые"
"words@va1985f","@va1985f",104.337,105.087,"фотогеничные"
"words@va1985f","@va1985f",105.087,105.215,"так"
"words@va1985f","@va1985f",105.215,105.3,"что"
"words@va1985f","@va1985f",105.3,105.5,"если"
"words@va1985f","@va1985f",105.5,105.732,"кто-то"
"words@va1985f","@va1985f",105.732,106.011,"хочет"
"words@va1985f","@va1985f",106.011,106.331,"начинать"
"words@va1985f","@va1985f",106.331,106.656,"какой-нибудь"
"words@va1985f","@va1985f",106.656,107.226,"свой"
"words@va1985f","@va1985f",107.226,107.517,"инстаграм"
"words@va1985f","@va1985f",107.517,107.622,"/"
"words@va1985f","@va1985f",107.622,107.713,"/"
"words@va1985f","@va1985f",109.652,109.901,"ке..."
"words@va1985f","@va1985f",109.901,110.517,"капкейки"
"words@va1985f","@va1985f",110.517,110.784,"/"
"words@va1985f","@va1985f",110.784,111.319,"вообще"
"words@va1985f","@va1985f",111.319,111.686,"идеал"
"words@va1985f","@va1985f",111.686,111.895,"/"
"words@va1985f","@va1985f",111.895,112.093,"какими"
"words@va1985f","@va1985f",112.093,112.232,"вы"
"words@va1985f","@va1985f",112.232,112.668,"они"
"words@va1985f","@va1985f",112.668,112.848,"очень"
"words@va1985f","@va1985f",112.848,113.72,"фотогеничные"
"words@va1985f","@va1985f",113.72,114.424,"/"
"words@va1985f","@va1985f",114.424,114.552,"модели"
"words@va1985f","@va1985f",114.552,114.674,"/"
"words@va1985f","@va1985f",114.674,114.756,"/"
"words@va1985f","@va1985f",115.26,115.453,"ну"
"words@va1985f","@va1985f",115.453,115.633,"и"
"words@va1985f","@va1985f",115.633,115.808,"вот"
"words@va1985f","@va1985f",115.808,115.872,"/"
"words@va1985f","@va1985f",115.872,115.982,"я"
"words@va1985f","@va1985f",115.982,116.488,"завела"
"words@va1985f","@va1985f",116.488,117.116,"инстаграм"
"words@va1985f","@va1985f",117.116,117.418,"плюс"
"words@va1985f","@va1985f",117.418,117.511,"к"
"words@va1985f","@va1985f",117.511,118.145,"тому"
"words@va1985f","@va1985f",118.145,118.255,"я"
"words@va1985f","@va1985f",118.255,118.924,"пошла"
"words@va1985f","@va1985f",118.924,119.093,"еще"
"words@va1985f","@va1985f",119.093,120.133,"/"
"words@va1985f","@va1985f",120.133,120.25,"в"
"words@va1985f","@va1985f",120.25,120.459,"одну"
"words@va1985f","@va1985f",120.459,120.976,"известную"
"words@va1985f","@va1985f",120.976,121.494,"школу"
"words@va1985f","@va1985f",121.494,121.808,"худеть"
"words@va1985f","@va1985f",121.808,121.924,"/"
"words@va1985f","@va1985f",121.924,122.011,"/"
"words@va1985f","@va1985f",123.017,123.133,"и"
"words@va1985f","@va1985f",123.133,123.302,"там"
"words@va1985f","@va1985f",123.302,123.633,"нельзя"
"words@va1985f","@va1985f",123.633,124.075,"было"
"words@va1985f","@va1985f",124.075,124.5,"есть"
"words@va1985f","@va1985f",124.5,125.319,"десерты"
"words@va1985f","@va1985f",125.319,125.68,"только"
"words@va1985f","@va1985f",125.68,125.924,"раз"
"words@va1985f","@va1985f",125.924,126.046,"в"
"words@va1985f","@va1985f",126.046,126.598,"неделю"
"words@va1985f","@va1985f",126.598,126.726,"и"
"words@va1985f","@va1985f",126.726,126.91,"на"
"words@va1985f","@va1985f",126.91,127.104,"этой"
"words@va1985f","@va1985f",127.104,127.528,"почве"
"words@va1985f","@va1985f",127.528,127.953,"/"
"words@va1985f","@va1985f",127.953,128.098,"по"
"words@va1985f","@va1985f",128.098,128.72,"воскресеньям"
"words@va1985f","@va1985f",128.72,128.854,"я"
"words@va1985f","@va1985f",128.854,129.604,"начала"
"words@va1985f","@va1985f",129.604,129.912,"ходить"
"words@va1985f","@va1985f",129.912,130.029,"по"
"words@va1985f","@va1985f",130.029,130.494,"городу"
"words@va1985f","@va1985f",130.494,130.877,"выискивать"
"words@va1985f","@va1985f",130.877,131.529,"что-то"
"words@va1985f","@va1985f",131.529,131.755,"ну"
"words@va1985f","@va1985f",131.755,131.959,"нельзя"
"words@va1985f","@va1985f",131.959,132.174,"же"
"words@va1985f","@va1985f",132.174,132.418,"много"
"words@va1985f","@va1985f",132.418,132.72,"съесть"
"words@va1985f","@va1985f",132.72,133.017,"надо"
"words@va1985f","@va1985f",133.017,133.337,"одну"
"words@va1985f","@va1985f",133.337,133.703,"штуку"
"words@va1985f","@va1985f",133.703,134.511,"/"
"words@va1985f","@va1985f",134.511,134.662,"то"
"words@va1985f","@va1985f",134.662,135.232,"одно"
"words@va1985f","@va1985f",135.232,135.395,"что"
"words@va1985f","@va1985f",135.395,135.726,"мне"
"words@va1985f","@va1985f",135.726,135.837,"на..."
"words@va1985f","@va1985f",135.837,135.959,"на"
"words@va1985f","@va1985f",135.959,136.546,"неделю"
"words@va1985f","@va1985f",136.546,137.139,"целую"
"words@va1985f","@va1985f",137.139,137.348,"съесть"
"words@va1985f","@va1985f",137.348,137.808,"какое-нибудь"
"words@va1985f","@va1985f",137.808,138.313,"классное"
"words@va1985f","@va1985f",138.313,138.941,"пирожное"
"words@va1985f","@va1985f",138.941,139.203,"/"
"words@va1985f","@va1985f",139.203,139.319,"и"
"words@va1985f","@va1985f",139.319,139.633,"как-то"
"words@va1985f","@va1985f",139.633,139.802,"вот"
"words@va1985f","@va1985f",139.802,140.0,"этот"
"words@va1985f","@va1985f",140.0,140.25,"блог"
"words@va1985f","@va1985f",140.25,140.54,"который"
"words@va1985f","@va1985f",140.54,140.627,"я"
"words@va1985f","@va1985f",140.627,140.953,"хотела"
"words@va1985f","@va1985f",140.953,141.331,"вести"
"words@va1985f","@va1985f",141.331,141.593,"это"
"words@va1985f","@va1985f",141.593,142.139,"/"
"words@va1985f","@va1985f",142.139,142.994,"похудение"
"words@va1985f","@va1985f",142.994,143.11,"то"
"words@va1985f","@va1985f",143.11,143.273,"что"
"words@va1985f","@va1985f",143.273,143.453,"мне"
"words@va1985f","@va1985f",143.453,143.581,"не"
"words@va1985f","@va1985f",143.581,143.848,"давали"
"words@va1985f","@va1985f",143.848,144.075,"есть"
"words@va1985f","@va1985f",144.075,144.273,"эти"
"words@va1985f","@va1985f",144.273,144.97,"десерты"
"words@va1985f","@va1985f",144.97,145.697,"наложилось"
"words@va1985f","@va1985f",145.697,146.598,"/"
"words@va1985f","@va1985f",146.598,146.703,"и"
"words@va1985f","@va1985f",146.703,146.825,"в"
"words@va1985f","@va1985f",146.825,147.02,"итоге"
"words@va1985f","@va1985f",147.02,147.122,"я"
"words@va1985f","@va1985f",147.122,147.5,"стала"
"words@va1985f","@va1985f",147.5,148.302,"кондитером"
"words@va1985f","@va1985f",148.302,148.598,"сама"
"words@va1985f","@va1985f",148.598,148.708,"//"
"words@va1985f","@va1985f",152.708,152.813,"то"
"words@va1985f","@va1985f",152.813,152.988,"есть"
"words@va1985f","@va1985f",152.988,153.046,"у"
"words@va1985f","@va1985f",153.046,153.267,"меня"
"words@va1985f","@va1985f",153.267,153.632,"не"
"words@va1985f","@va1985f",153.632,153.732,"из"
"words@va1985f","@va1985f",153.732,154.156,"декрета"
"words@va1985f","@va1985f",154.156,154.325,"как"
"words@va1985f","@va1985f",154.325,154.517,"это"
"words@va1985f","@va1985f",154.517,154.947,"часто"
"words@va1985f","@va1985f",154.947,155.366,"бывает"
"words@va1985f","@va1985f",155.366,155.796,"знаешь"
"words@va1985f","@va1985f",155.796,156.145,"уходят"
"words@va1985f","@va1985f",156.145,156.354,"/"
"words@va1985f","@va1985f",156.354,156.701,"рожают"
"words@va1985f","@va1985f",156.701,157.017,"/"
"words@va1985f","@va1985f",157.017,157.587,"дома"
"words@va1985f","@va1985f",157.587,157.819,"думают"
"words@va1985f","@va1985f",157.819,158.017,"чем"
"words@va1985f","@va1985f",158.017,158.482,"заняться"
"words@va1985f","@va1985f",158.482,158.656,"ну"
"words@va1985f","@va1985f",158.656,159.005,"начну"
"words@va1985f","@va1985f",159.005,159.116,"/"
"words@va1985f","@va1985f",159.116,159.208,"/"
"words@va1985f","@va1985f",162.003,162.512,"да"
"words@va1985f","@va1985f",165.004,165.413,"да"
"words@va1985f","@va1985f",170.55,171.186,"важно"
"words@va1985f","@va1985f",171.186,171.296,"то"
"words@va1985f","@va1985f",171.296,171.424,"во"
"words@va1985f","@va1985f",171.424,171.686,"сколько"
"words@va1985f","@va1985f",171.686,171.947,"ты"
"words@va1985f","@va1985f",171.947,172.29,"лег"
"words@va1985f","@va1985f",172.29,172.959,"накануне"
"words@va1985f","@va1985f",172.959,173.395,"потому"
"words@va1985f","@va1985f",173.395,173.622,"что"
"words@va1985f","@va1985f",173.622,173.842,"/"
"words@va1985f","@va1985f",173.842,174.063,"/"
"words@va1985f","@va1985f",174.063,174.168,"ты"
"words@va1985f","@va1985f",174.168,174.406,"знаешь"
"words@va1985f","@va1985f",174.406,174.738,"да"
"words@va1985f","@va1985f",174.738,175.044,"/"
"words@va1985f","@va1985f",175.044,175.156,"/"
"words@va1985f","@va1985f",175.156,175.563,"иногда"
"words@va1985f","@va1985f",175.563,175.686,"ты"
"words@va1985f","@va1985f",175.686,175.947,"можешь"
"words@va1985f","@va1985f",175.947,176.034,"в"
"words@va1985f","@va1985f",176.034,176.43,"пять"
"words@va1985f","@va1985f",176.43,176.808,"например"
"words@va1985f","@va1985f",176.808,177.0,"то..."
"words@va1985f","@va1985f",177.0,177.366,"торт"
"words@va1985f","@va1985f",177.366,178.122,"закончить"
"words@va1985f","@va1985f",178.122,178.517,"/"
"words@va1985f","@va1985f",178.517,178.633,"и"
"words@va1985f","@va1985f",178.633,179.534,"смотря"
"words@va1985f","@va1985f",179.534,179.68,"как"
"words@va1985f","@va1985f",179.68,179.982,"скоро"
"words@va1985f","@va1985f",179.982,180.552,"второй"
"words@va1985f","@va1985f",180.552,180.906,"торт"
"words@va1985f","@va1985f",180.906,181.017,"на"
"words@va1985f","@va1985f",181.017,181.395,"следующий"
"words@va1985f","@va1985f",181.395,181.534,"он"
"words@va1985f","@va1985f",181.534,181.912,"день"
"words@va1985f","@va1985f",181.912,182.098,"или"
"words@va1985f","@va1985f",182.098,182.558,"через"
"words@va1985f","@va1985f",182.558,182.825,"день"
"words@va1985f","@va1985f",182.825,182.924,"/"
"words@va1985f","@va1985f",182.924,183.004,"/"
"words@va1985f","@va1985f",183.908,184.017,"ну"
"words@va1985f","@va1985f",184.017,184.116,"я"
"words@va1985f","@va1985f",184.116,185.075,"встану"
"words@va1985f","@va1985f",185.075,185.581,"обычно"
"words@va1985f","@va1985f",185.581,185.86,"там"
"words@va1985f","@va1985f",185.86,187.0,"/"
"words@va1985f","@va1985f",187.0,187.5,"как-то"
"words@va1985f","@va1985f",187.5,187.691,"надо"
"words@va1985f","@va1985f",187.691,187.825,"себя"
"words@va1985f","@va1985f",187.825,188.54,"расшевелить"
"words@va1985f","@va1985f",188.54,189.017,"немножко"
"words@va1985f","@va1985f",189.017,189.244,"потому"
"words@va1985f","@va1985f",189.244,189.383,"что"
"words@va1985f","@va1985f",189.383,189.447,"у"
"words@va1985f","@va1985f",189.447,189.656,"меня"
"words@va1985f","@va1985f",189.656,189.918,"было"
"words@va1985f","@va1985f",189.918,190.174,"так"
"words@va1985f","@va1985f",190.174,190.302,"что"
"words@va1985f","@va1985f",190.302,190.372,"я"
"words@va1985f","@va1985f",190.372,191.098,"иногда"
"words@va1985f","@va1985f",191.098,191.476,"встаю"
"words@va1985f","@va1985f",191.476,191.645,"как"
"words@va1985f","@va1985f",191.645,191.877,"зомби"
"words@va1985f","@va1985f",191.877,191.982,"и"
"words@va1985f","@va1985f",191.982,192.348,"сразу"
"words@va1985f","@va1985f",192.348,192.436,"к"
"words@va1985f","@va1985f",192.436,192.61,"торту"
"words@va1985f","@va1985f",192.61,192.709,"/"
"words@va1985f","@va1985f",192.709,192.8,"/"
"words@va1985f","@va1985f",193.313,193.488,"так"
"words@va1985f","@va1985f",193.488,193.686,"не"
"words@va1985f","@va1985f",193.686,193.924,"надо"
"words@va1985f","@va1985f",193.924,194.261,"делать"
"words@va1985f","@va1985f",194.261,194.517,"потому"
"words@va1985f","@va1985f",194.517,194.668,"что"
"words@va1985f","@va1985f",194.668,194.773,"я"
"words@va1985f","@va1985f",194.773,195.011,"могу"
"words@va1985f","@va1985f",195.011,195.389,"что-то"
"words@va1985f","@va1985f",195.389,195.505,"не"
"words@va1985f","@va1985f",195.505,196.391,"туда"
"words@va1985f","@va1985f",196.391,196.854,"приляпать"
"words@va1985f","@va1985f",196.854,196.959,"/"
"words@va1985f","@va1985f",196.959,197.06,"/"
"words@va1985f","@va1985f",197.66,197.813,"я"
"words@va1985f","@va1985f",197.813,198.122,"теперь"
"words@va1985f","@va1985f",198.122,198.273,"так"
"words@va1985f","@va1985f",198.273,198.651,"точно"
"words@va1985f","@va1985f",198.651,198.802,"не"
"words@va1985f","@va1985f",198.802,199.209,"делаю"
"words@va1985f","@va1985f",199.209,199.616,"сперва"
"words@va1985f","@va1985f",199.616,200.02,"встаю"
"words@va1985f","@va1985f",200.02,200.424,"/"
"words@va1985f","@va1985f",200.424,200.534,"ну"
"words@va1985f","@va1985f",200.534,200.715,"там"
"words@va1985f","@va1985f",200.715,201.308,"свыкаюсь"
"words@va1985f","@va1985f",201.308,201.424,"с"
"words@va1985f","@va1985f",201.424,201.732,"этой"
"words@va1985f","@va1985f",201.732,201.819,"с"
"words@va1985f","@va1985f",201.819,202.127,"этим"
"words@va1985f","@va1985f",202.127,202.441,"миром"
"words@va1985f","@va1985f",202.441,202.529,"/"
"words@va1985f","@va1985f",202.529,202.608,"/"
"words@va1985f","@va1985f",203.251,203.534,"эээ"
"words@va1985f","@va1985f",203.534,203.645,"ну"
"words@va1985f","@va1985f",203.645,203.738,"а"
"words@va1985f","@va1985f",203.738,203.947,"потом"
"words@va1985f","@va1985f",203.947,204.209,"да"
"words@va1985f","@va1985f",204.209,204.43,"уже"
"words@va1985f","@va1985f",204.43,204.703,"начинаю"
"words@va1985f","@va1985f",204.703,205.552,"работу"
"words@va1985f","@va1985f",205.552,205.709,"над"
"words@va1985f","@va1985f",205.709,205.988,"каким-то"
"words@va1985f","@va1985f",205.988,206.267,"тортом"
"words@va1985f","@va1985f",206.267,206.558,"но"
"words@va1985f","@va1985f",206.558,206.831,"чаще"
"words@va1985f","@va1985f",206.831,207.232,"всего"
"words@va1985f","@va1985f",207.232,207.441,"честно"
"words@va1985f","@va1985f",207.441,207.691,"говоря"
"words@va1985f","@va1985f",207.691,208.232,"это"
"words@va1985f","@va1985f",208.232,208.383,"де..."
"words@va1985f","@va1985f",208.383,208.883,"дело"
"words@va1985f","@va1985f",208.883,209.186,"ночью"
"words@va1985f","@va1985f",209.186,209.755,"происходит"
"words@va1985f","@va1985f",209.755,209.883,"/"
"words@va1985f","@va1985f",209.883,210.013,"/"
"words@va1985f","@va1985f",210.525,210.994,"днем"
"words@va1985f","@va1985f",210.994,211.244,"как-то"
"words@va1985f","@va1985f",211.244,211.802,"так"
"words@va1985f","@va1985f",211.802,212.18,"пытаешься"
"words@va1985f","@va1985f",212.18,212.377,"для"
"words@va1985f","@va1985f",212.377,212.639,"себя"
"words@va1985f","@va1985f",212.639,213.087,"пожить"
"words@va1985f","@va1985f",213.087,213.616,"немножко"
"words@va1985f","@va1985f",213.616,214.36,"/"
"words@va1985f","@va1985f",214.36,214.523,"а"
"words@va1985f","@va1985f",214.523,214.79,"торты"
"words@va1985f","@va1985f",214.79,215.023,"ночью"
"words@va1985f","@va1985f",215.023,215.145,"/"
"words@va1985f","@va1985f",215.145,215.256,"/"
"words@va1985f","@va1985f",217.26,217.381,"ну"
"words@va1985f","@va1985f",217.381,217.629,"да"
"words@va1985f","@va1985f",217.629,217.745,"я"
"words@va1985f","@va1985f",217.745,218.088,"думаю"
"words@va1985f","@va1985f",218.088,218.232,"это"
"words@va1985f","@va1985f",218.232,218.535,"многие"
"words@va1985f","@va1985f",218.535,218.729,"/"
"words@va1985f","@va1985f",218.729,218.867,"ну"
"words@va1985f","@va1985f",218.867,219.027,"те"
"words@va1985f","@va1985f",219.027,219.176,"кто"
"words@va1985f","@va1985f",219.176,219.513,"работают"
"words@va1985f","@va1985f",219.513,219.85,"именно"
"words@va1985f","@va1985f",219.85,220.116,"дома"
"words@va1985f","@va1985f",220.116,220.187,"/"
"words@va1985f","@va1985f",220.187,220.26,"/"
"words@va1985f","@va1985f",223.347,223.75,"мои"
"words@va1985f","@va1985f",223.75,224.056,"заказчики"
"words@va1985f","@va1985f",224.056,224.488,"#смех#"
"words@va1985f","@va1985f",224.488,224.726,"кот..."
"words@va1985f","@va1985f",224.726,225.139,"/"
"words@va1985f","@va1985f",225.139,225.465,"которым"
"words@va1985f","@va1985f",225.465,225.726,"нужен"
"words@va1985f","@va1985f",225.726,225.924,"тот"
"words@va1985f","@va1985f",225.924,226.093,"или"
"words@va1985f","@va1985f",226.093,226.546,"иной"
"words@va1985f","@va1985f",226.546,227.005,"торт"
"words@va1985f","@va1985f",227.005,227.505,"/"
"words@va1985f","@va1985f",227.505,227.761,"прежде"
"words@va1985f","@va1985f",227.761,228.0,"всего"
"words@va1985f","@va1985f",228.0,228.116,"ну"
"words@va1985f","@va1985f",228.116,228.25,"это"
"words@va1985f","@va1985f",228.25,228.488,"знаешь"
"words@va1985f","@va1985f",228.488,228.552,"а"
"words@va1985f","@va1985f",228.552,228.779,"иногда"
"words@va1985f","@va1985f",228.779,229.116,"бывает"
"words@va1985f","@va1985f",229.116,229.546,"конечно"
"words@va1985f","@va1985f",229.546,229.743,"ну"
"words@va1985f","@va1985f",229.743,229.941,"/"
"words@va1985f","@va1985f",229.941,230.313,"четкая"
"words@va1985f","@va1985f",230.313,230.854,"тема"
"words@va1985f","@va1985f",230.854,231.023,"тут"
"words@va1985f","@va1985f",231.023,231.558,"понятно"
"words@va1985f","@va1985f",231.558,231.97,"/"
"words@va1985f","@va1985f",231.97,232.331,"там"
"words@va1985f","@va1985f",232.331,232.662,"например"
"words@va1985f","@va1985f",232.662,233.034,"недавно"
"words@va1985f","@va1985f",233.034,233.354,"Красавица"
"words@va1985f","@va1985f",233.354,233.43,"и"
"words@va1985f","@va1985f",233.43,233.552,"Чудовище"
"words@va1985f","@va1985f",233.552,233.651,"/"
"words@va1985f","@va1985f",233.651,233.76,"/"
"words@va1985f","@va1985f",234.052,234.197,"ну"
"words@va1985f","@va1985f",234.197,234.348,"там"
"words@va1985f","@va1985f",234.348,234.918,"не"
"words@va1985f","@va1985f",234.918,235.081,"то"
"words@va1985f","@va1985f",235.081,235.424,"чтобы"
"words@va1985f","@va1985f",235.424,235.662,"есть"
"words@va1985f","@va1985f",235.662,236.116,"возможность"
"words@va1985f","@va1985f",236.116,236.331,"шаг"
"words@va1985f","@va1985f",236.331,236.43,"в"
"words@va1985f","@va1985f",236.43,237.011,"сторону"
"words@va1985f","@va1985f",237.011,237.45,"сделать"
"words@va1985f","@va1985f",237.45,237.889,"/"
"words@va1985f","@va1985f",237.889,238.133,"конечно"
"words@va1985f","@va1985f",238.133,238.488,"делаешь"
"words@va1985f","@va1985f",238.488,238.616,"по"
"words@va1985f","@va1985f",238.616,238.901,"сво..."
"words@va1985f","@va1985f",238.901,239.273,"делаю"
"words@va1985f","@va1985f",239.273,239.395,"по"
"words@va1985f","@va1985f",239.395,239.61,"своему"
"words@va1985f","@va1985f",239.61,240.005,"вкусу"
"words@va1985f","@va1985f",240.005,240.104,"но"
"words@va1985f","@va1985f",240.104,240.25,"все"
"words@va1985f","@va1985f",240.25,240.47,"равно"
"words@va1985f","@va1985f",240.47,240.575,"/"
"words@va1985f","@va1985f",240.575,240.652,"/"
"words@va1985f","@va1985f",241.003,241.127,"ну"
"words@va1985f","@va1985f",241.127,241.232,"а"
"words@va1985f","@va1985f",241.232,241.845,"некоторые"
"words@va1985f","@va1985f",241.845,242.082,"говорят"
"words@va1985f","@va1985f",242.082,242.209,"на"
"words@va1985f","@va1985f",242.209,242.381,"ваш"
"words@va1985f","@va1985f",242.381,242.662,"вкус"
"words@va1985f","@va1985f",242.662,242.944,"/"
"words@va1985f","@va1985f",242.944,243.055,"ну"
"words@va1985f","@va1985f",243.055,243.232,"тогда"
"words@va1985f","@va1985f",243.232,243.646,"да"
"words@va1985f","@va1985f",243.646,243.729,"я"
"words@va1985f","@va1985f",243.729,244.226,"думаю"
"words@va1985f","@va1985f",244.226,244.292,"/"
"words@va1985f","@va1985f",244.292,244.365,"/"
"words@va1985f","@va1985f",245.052,245.397,"во-первых"
"words@va1985f","@va1985f",245.397,245.513,"то"
"words@va1985f","@va1985f",245.513,245.668,"что"
"words@va1985f","@va1985f",245.668,245.889,"мне"
"words@va1985f","@va1985f",245.889,246.215,"раньше"
"words@va1985f","@va1985f",246.215,246.966,"хотелось"
"words@va1985f","@va1985f",246.966,247.513,"применить"
"words@va1985f","@va1985f",247.513,248.06,"/"
"words@va1985f","@va1985f",248.06,248.359,"какие-то"
"words@va1985f","@va1985f",248.359,248.524,"свои"
"words@va1985f","@va1985f",248.524,249.16,"задумки"
"words@va1985f","@va1985f",249.16,249.734,"/"
"words@va1985f","@va1985f",249.734,249.828,"ну"
"words@va1985f","@va1985f",249.828,250.198,"либо"
"words@va1985f","@va1985f",250.198,250.43,"что-то"
"words@va1985f","@va1985f",250.43,251.143,"отталкиваясь"
"words@va1985f","@va1985f",251.143,251.287,"от"
"words@va1985f","@va1985f",251.287,251.674,"их"
"words@va1985f","@va1985f",251.674,251.812,"там"
"words@va1985f","@va1985f",251.812,252.099,"например"
"words@va1985f","@va1985f",252.099,252.48,"ну"
"words@va1985f","@va1985f",252.48,252.839,"назовут"
"words@va1985f","@va1985f",252.839,253.397,"цвет"
"words@va1985f","@va1985f",253.397,254.259,"/"
"words@va1985f","@va1985f",254.259,254.569,"сколько"
"words@va1985f","@va1985f",254.569,254.895,"лет"
"words@va1985f","@va1985f",254.895,255.734,"человеку"
"words@va1985f","@va1985f",255.734,255.817,"и"
"words@va1985f","@va1985f",255.817,255.944,"так"
"words@va1985f","@va1985f",255.944,256.06,"ну"
"words@va1985f","@va1985f",256.06,256.475,"исходя"
"words@va1985f","@va1985f",256.475,256.596,"из"
"words@va1985f","@va1985f",256.596,256.872,"этого"
"words@va1985f","@va1985f",256.872,256.972,"я"
"words@va1985f","@va1985f",256.972,257.099,"уже"
"words@va1985f","@va1985f",257.099,257.463,"начинаю"
"words@va1985f","@va1985f",257.463,257.828,"думать"
"words@va1985f","@va1985f",257.828,258.193,"думать"
"words@va1985f","@va1985f",258.193,258.403,"думать"
"words@va1985f","@va1985f",258.403,258.486,"/"
"words@va1985f","@va1985f",258.486,258.556,"/"
"words@va1985f","@va1985f",266.508,266.813,"ну"
"words@va1985f","@va1985f",268.56,269.254,"великолепное"
"words@va1985f","@va1985f",269.254,269.524,"безумие"
"words@va1985f","@va1985f",269.524,269.602,"/"
"words@va1985f","@va1985f",269.602,269.66,"/"
"words@va1985f","@va1985f",296.108,296.552,"мгм"
"words@va1985f","@va1985f",298.308,298.571,"эээ"
"words@va1985f","@va1985f",298.571,298.878,"/"
"words@va1985f","@va1985f",298.878,299.033,"ну"
"words@va1985f","@va1985f",299.033,299.226,"/"
"words@va1985f","@va1985f",299.226,299.574,"во-первых"
"words@va1985f","@va1985f",299.574,299.9,"надо"
"words@va1985f","@va1985f",299.9,300.309,"/"
"words@va1985f","@va1985f",300.309,300.403,"то"
"words@va1985f","@va1985f",300.403,300.574,"есть"
"words@va1985f","@va1985f",300.574,300.922,"давайте"
"words@va1985f","@va1985f",300.922,301.099,"без"
"words@va1985f","@va1985f",301.099,301.392,"первых"
"words@va1985f","@va1985f",301.392,301.48,"и"
"words@va1985f","@va1985f",301.48,301.723,"вторых"
"words@va1985f","@va1985f",301.723,302.563,"/"
"words@va1985f","@va1985f",302.563,302.878,"просто"
"words@va1985f","@va1985f",302.878,302.966,"/"
"words@va1985f","@va1985f",302.966,303.052,"/"
"words@va1985f","@va1985f",303.503,303.674,"как"
"words@va1985f","@va1985f",303.674,304.154,"например"
"words@va1985f","@va1985f",304.154,304.226,"у"
"words@va1985f","@va1985f",304.226,304.74,"меня"
"words@va1985f","@va1985f",304.74,305.668,"происходит"
"words@va1985f","@va1985f",305.668,305.751,"и"
"words@va1985f","@va1985f",305.751,306.066,"было"
"words@va1985f","@va1985f",306.066,306.165,"/"
"words@va1985f","@va1985f",306.165,306.26,"/"
"words@va1985f","@va1985f",306.995,307.359,"эээ"
"words@va1985f","@va1985f",307.359,307.994,"/"
"words@va1985f","@va1985f",307.994,308.088,"я"
"words@va1985f","@va1985f",308.088,308.773,"начинала"
"words@va1985f","@va1985f",308.773,309.254,"делать"
"words@va1985f","@va1985f",309.254,309.513,"/"
"words@va1985f","@va1985f",309.513,309.635,"ну"
"words@va1985f","@va1985f",309.635,309.723,"и"
"words@va1985f","@va1985f",309.723,310.127,"сейчас"
"words@va1985f","@va1985f",310.127,310.314,"тоже"
"words@va1985f","@va1985f",310.314,310.69,"делаю"
"words@va1985f","@va1985f",310.69,310.988,"/"
"words@va1985f","@va1985f",310.988,311.629,"торты"
"words@va1985f","@va1985f",311.629,311.812,"не"
"words@va1985f","@va1985f",311.812,311.939,"для"
"words@va1985f","@va1985f",311.939,312.486,"заказчиков"
"words@va1985f","@va1985f",312.486,312.574,"/"
"words@va1985f","@va1985f",312.574,312.66,"/"
"words@va1985f","@va1985f",313.804,313.928,"то"
"words@va1985f","@va1985f",313.928,314.143,"есть"
"words@va1985f","@va1985f",314.143,314.37,"для"
"words@va1985f","@va1985f",314.37,314.61,"себя"
"words@va1985f","@va1985f",314.61,314.85,"/"
"words@va1985f","@va1985f",314.85,314.994,"для"
"words@va1985f","@va1985f",314.994,315.348,"друзей"
"words@va1985f","@va1985f",315.348,315.436,"/"
"words@va1985f","@va1985f",315.436,315.508,"/"
"words@va1985f","@va1985f",315.895,316.066,"я"
"words@va1985f","@va1985f",316.066,316.756,"могу"
"words@va1985f","@va1985f",316.756,317.337,"просто"
"words@va1985f","@va1985f",317.337,317.657,"взять"
"words@va1985f","@va1985f",317.657,317.745,"и"
"words@va1985f","@va1985f",317.745,318.055,"сделать"
"words@va1985f","@va1985f",318.055,318.243,"торт"
"words@va1985f","@va1985f",318.243,318.513,"себе"
"words@va1985f","@va1985f",318.513,319.082,"/"
"words@va1985f","@va1985f",319.082,319.187,"я"
"words@va1985f","@va1985f",319.187,319.287,"это"
"words@va1985f","@va1985f",319.287,319.707,"называю"
"words@va1985f","@va1985f",319.707,319.85,"это"
"words@va1985f","@va1985f",319.85,320.337,"называю"
"words@va1985f","@va1985f",320.337,320.535,"для"
"words@va1985f","@va1985f",320.535,321.049,"домашнего"
"words@va1985f","@va1985f",321.049,321.696,"использования"
"words@va1985f","@va1985f",321.696,321.756,"/"
"words@va1985f","@va1985f",321.756,321.804,"/"
"words@va1985f","@va1985f",321.952,322.265,"например"
"words@va1985f","@va1985f",322.265,322.364,"у"
"words@va1985f","@va1985f",322.364,322.535,"меня"
"words@va1985f","@va1985f",322.535,322.712,"есть"
"words@va1985f","@va1985f",322.712,323.11,"торт"
"words@va1985f","@va1985f",323.11,323.364,"кед"
"words@va1985f","@va1985f",323.364,324.005,"/"
"words@va1985f","@va1985f",324.005,324.127,"ну"
"words@va1985f","@va1985f",324.127,324.248,"в"
"words@va1985f","@va1985f",324.248,324.552,"виде"
"words@va1985f","@va1985f",324.552,324.906,"кеда"
"words@va1985f","@va1985f",324.906,325.0,"/"
"words@va1985f","@va1985f",325.0,325.065,"/"
"words@va1985f","@va1985f",325.369,325.707,"я"
"words@va1985f","@va1985f",325.707,326.121,"его"
"words@va1985f","@va1985f",326.121,326.524,"никому"
"words@va1985f","@va1985f",326.524,326.712,"/"
"words@va1985f","@va1985f",326.712,326.795,"я"
"words@va1985f","@va1985f",326.795,326.944,"его"
"words@va1985f","@va1985f",326.944,327.088,"себе"
"words@va1985f","@va1985f",327.088,327.569,"делала"
"words@va1985f","@va1985f",327.569,327.784,"потом"
"words@va1985f","@va1985f",327.784,328.16,"позвала"
"words@va1985f","@va1985f",328.16,328.502,"друзей"
"words@va1985f","@va1985f",328.502,328.613,"мы"
"words@va1985f","@va1985f",328.613,328.762,"его"
"words@va1985f","@va1985f",328.762,329.198,"распилили"
"words@va1985f","@va1985f",329.198,329.756,"/"
"words@va1985f","@va1985f",329.756,330.077,"попили"
"words@va1985f","@va1985f",330.077,330.232,"чай"
"words@va1985f","@va1985f",330.232,330.32,"/"
"words@va1985f","@va1985f",330.32,330.408,"/"
"words@va1985f","@va1985f",330.799,330.895,"а"
"words@va1985f","@va1985f",330.895,331.088,"потом"
"words@va1985f","@va1985f",331.088,331.215,"от"
"words@va1985f","@va1985f",331.215,331.706,"этого"
"words@va1985f","@va1985f",331.706,332.292,"естественно"
"words@va1985f","@va1985f",332.292,332.737,"пошли"
"words@va1985f","@va1985f",332.737,333.182,"/"
"words@va1985f","@va1985f",333.182,333.342,"и"
"words@va1985f","@va1985f",333.342,333.442,"ко"
"words@va1985f","@va1985f",333.442,333.591,"мне"
"words@va1985f","@va1985f",333.591,334.0,"люди"
"words@va1985f","@va1985f",334.0,334.414,"потянулись"
"words@va1985f","@va1985f",334.414,334.513,"/"
"words@va1985f","@va1985f",334.513,334.604,"/"
"words@va1985f","@va1985f",335.225,335.342,"и"
"words@va1985f","@va1985f",335.342,335.64,"заказчики"
"words@va1985f","@va1985f",335.64,335.823,"на"
"words@va1985f","@va1985f",335.823,336.458,"/"
"words@va1985f","@va1985f",336.458,336.668,"обувь"
"words@va1985f","@va1985f",336.668,336.779,"/"
"words@va1985f","@va1985f",336.779,336.868,"/"
"words@va1985f","@va1985f",337.504,337.64,"на"
"words@va1985f","@va1985f",337.64,337.823,"то..."
"words@va1985f","@va1985f",337.823,337.977,"/"
"words@va1985f","@va1985f",337.977,338.11,"на"
"words@va1985f","@va1985f",338.11,338.218,"торт"
"words@va1985f","@va1985f",338.218,338.326,"-"
"words@va1985f","@va1985f",338.326,338.596,"обувь"
"words@va1985f","@va1985f",338.596,338.696,"/"
"words@va1985f","@va1985f",338.696,338.778,"/"
"words@va1985f","@va1985f",338.999,339.11,"то"
"words@va1985f","@va1985f",339.11,339.348,"есть"
"words@va1985f","@va1985f",339.348,340.215,"/"
"words@va1985f","@va1985f",340.215,340.414,"ну"
"words@va1985f","@va1985f",340.414,341.26,"придется"
"words@va1985f","@va1985f",341.26,341.618,"/"
"words@va1985f","@va1985f",341.618,341.762,"я"
"words@va1985f","@va1985f",341.762,341.983,"думаю"
"words@va1985f","@va1985f",341.983,342.171,"что"
"words@va1985f","@va1985f",342.171,343.049,"/"
"words@va1985f","@va1985f",343.049,343.165,"не"
"words@va1985f","@va1985f",343.165,343.414,"тра..."
"words@va1985f","@va1985f",343.414,343.513,"не"
"words@va1985f","@va1985f",343.513,343.842,"трать..."
"words@va1985f","@va1985f",343.842,344.171,"/"
"words@va1985f","@va1985f",344.171,344.292,"то"
"words@va1985f","@va1985f",344.292,344.436,"есть"
"words@va1985f","@va1985f",344.436,344.726,"наоборот"
"words@va1985f","@va1985f",344.726,345.171,"потратить"
"words@va1985f","@va1985f",345.171,345.477,"время"
"words@va1985f","@va1985f",345.477,345.784,"/"
"words@va1985f","@va1985f",345.784,346.176,"деньги"
"words@va1985f","@va1985f",346.176,346.64,"/"
"words@va1985f","@va1985f",346.64,347.021,"силы"
"words@va1985f","@va1985f",347.021,347.403,"/"
"words@va1985f","@va1985f",347.403,347.508,"на"
"words@va1985f","@va1985f",347.508,347.618,"то"
"words@va1985f","@va1985f",347.618,347.762,"что"
"words@va1985f","@va1985f",347.762,348.215,"тебе"
"words@va1985f","@va1985f",348.215,348.657,"действительно"
"words@va1985f","@va1985f",348.657,348.961,"нравится"
"words@va1985f","@va1985f",348.961,349.027,"/"
"words@va1985f","@va1985f",349.027,349.108,"/"
"words@va1985f","@va1985f",349.52,349.994,"потому"
"words@va1985f","@va1985f",349.994,350.149,"что"
"words@va1985f","@va1985f",350.149,350.447,"как"
"words@va1985f","@va1985f",350.447,350.624,"твои"
"words@va1985f","@va1985f",350.624,351.325,"потенциальные"
"words@va1985f","@va1985f",351.325,351.745,"заказчики"
"words@va1985f","@va1985f",351.745,352.033,"узнают"
"words@va1985f","@va1985f",352.033,352.209,"что"
"words@va1985f","@va1985f",352.209,352.337,"ты"
"words@va1985f","@va1985f",352.337,352.651,"можешь"
"words@va1985f","@va1985f",352.651,352.972,"сделать"
"words@va1985f","@va1985f",352.972,353.491,"что-то"
"words@va1985f","@va1985f",353.491,353.707,"если"
"words@va1985f","@va1985f",353.707,353.861,"ты"
"words@va1985f","@va1985f",353.861,354.005,"не"
"words@va1985f","@va1985f",354.005,354.502,"покажешь"
"words@va1985f","@va1985f",354.502,354.74,"что"
"words@va1985f","@va1985f",354.74,354.994,"ты"
"words@va1985f","@va1985f",354.994,355.204,"это"
"words@va1985f","@va1985f",355.204,355.596,"делаешь"
"words@va1985f","@va1985f",355.596,355.679,"/"
"words@va1985f","@va1985f",355.679,355.76,"/"
"words@va1985f","@va1985f",356.156,356.309,"ну"
"words@va1985f","@va1985f",356.309,356.43,"и"
"words@va1985f","@va1985f",356.43,356.602,"так"
"words@va1985f","@va1985f",356.602,357.248,"начинающим"
"words@va1985f","@va1985f",357.248,357.662,"кондитерам"
"words@va1985f","@va1985f",357.662,357.756,"я"
"words@va1985f","@va1985f",357.756,357.878,"бы"
"words@va1985f","@va1985f",357.878,358.9,"посоветовала"
"words@va1985f","@va1985f",358.9,359.613,"делать"
"words@va1985f","@va1985f",359.613,359.856,"торты"
"words@va1985f","@va1985f",359.856,360.11,"для"
"words@va1985f","@va1985f",360.11,360.331,"себя"
"words@va1985f","@va1985f",360.331,360.425,"/"
"words@va1985f","@va1985f",360.425,360.504,"/"
"words@vm1987f","@vm1987f",37.223,37.414,"как"
"words@vm1987f","@vm1987f",37.414,37.618,"он"
"words@vm1987f","@vm1987f",37.618,38.099,"начинался"
"words@vm1987f","@vm1987f",38.099,38.149,"и"
"words@vm1987f","@vm1987f",38.149,38.508,"как"
"words@vm1987f","@vm1987f",38.508,38.812,"долго"
"words@vm1987f","@vm1987f",38.812,39.066,"он"
"words@vm1987f","@vm1987f",39.066,39.359,"длится"
"words@vm1987f","@vm1987f",39.359,39.453,"/"
"words@vm1987f","@vm1987f",39.453,39.513,"/"
"words@vm1987f","@vm1987f",42.208,42.511,"мгм"
"words@vm1987f","@vm1987f",52.649,53.003,"мгм"
"words@vm1987f","@vm1987f",53.504,53.855,"мгм"
"words@vm1987f","@vm1987f",55.165,55.965,"#смех#"
"words@vm1987f","@vm1987f",62.258,62.504,"мгм"
"words@vm1987f","@vm1987f",65.141,65.705,"мгм"
"words@vm1987f","@vm1987f",72.291,72.386,"с"
"words@vm1987f","@vm1987f",72.386,72.679,"чего"
"words@vm1987f","@vm1987f",72.679,72.889,"все"
"words@vm1987f","@vm1987f",72.889,73.32,"началось"
"words@vm1987f","@vm1987f",73.32,73.464,"да"
"words@vm1987f","@vm1987f",73.464,73.53,"/"
"words@vm1987f","@vm1987f",73.53,73.6,"/"
"words@vm1987f","@vm1987f",77.003,77.461,"мгм"
"words@vm1987f","@vm1987f",80.703,81.11,"мгм"
"words@vm1987f","@vm1987f",88.2,88.578,"мгм"
"words@vm1987f","@vm1987f",91.286,91.596,"мгм"
"words@vm1987f","@vm1987f",102.507,102.956,"мгм"
"words@vm1987f","@vm1987f",107.806,108.16,"то"
"words@vm1987f","@vm1987f",108.16,108.292,"с"
"words@vm1987f","@vm1987f",108.292,108.972,"фотографий"
"words@vm1987f","@vm1987f",108.972,109.093,"и"
"words@vm1987f","@vm1987f",109.093,109.596,"рецептов"
"words@vm1987f","@vm1987f",109.596,109.674,"/"
"words@vm1987f","@vm1987f",109.674,109.76,"/"
"words@vm1987f","@vm1987f",136.956,137.307,"мгм"
"words@vm1987f","@vm1987f",149.652,149.872,"слушай"
"words@vm1987f","@vm1987f",149.872,150.016,"это"
"words@vm1987f","@vm1987f",150.016,150.325,"по-моему"
"words@vm1987f","@vm1987f",150.325,150.612,"самая"
"words@vm1987f","@vm1987f",150.612,150.9,"/"
"words@vm1987f","@vm1987f",150.9,151.48,"уникальная"
"words@vm1987f","@vm1987f",151.48,151.911,"история"
"words@vm1987f","@vm1987f",151.911,152.0,"/"
"words@vm1987f","@vm1987f",152.0,152.055,"/"
"words@vm1987f","@vm1987f",159.206,159.53,"мгм"
"words@vm1987f","@vm1987f",159.53,159.855,"да"
"words@vm1987f","@vm1987f",160.004,160.27,"об..."
"words@vm1987f","@vm1987f",160.27,160.651,"обычно"
"words@vm1987f","@vm1987f",160.651,160.795,"мы"
"words@vm1987f","@vm1987f",160.795,161.049,"слышим"
"words@vm1987f","@vm1987f",161.049,161.353,"такие"
"words@vm1987f","@vm1987f",161.353,162.276,"истории"
"words@vm1987f","@vm1987f",162.276,162.408,"от"
"words@vm1987f","@vm1987f",162.408,162.674,"наших"
"words@vm1987f","@vm1987f",162.674,163.093,"учеников"
"words@vm1987f","@vm1987f",163.093,163.375,"/"
"words@vm1987f","@vm1987f",163.375,163.574,"да"
"words@vm1987f","@vm1987f",163.574,164.193,"/"
"words@vm1987f","@vm1987f",164.193,164.342,"вот"
"words@vm1987f","@vm1987f",164.342,164.441,"/"
"words@vm1987f","@vm1987f",164.441,164.504,"/"
"words@vm1987f","@vm1987f",165.708,165.995,"мгм"
"words@vm1987f","@vm1987f",166.157,166.385,"все"
"words@vm1987f","@vm1987f",166.385,166.613,"все"
"words@vm1987f","@vm1987f",166.613,166.906,"супер"
"words@vm1987f","@vm1987f",166.906,166.994,"/"
"words@vm1987f","@vm1987f",166.994,167.107,"/"
"words@vm1987f","@vm1987f",167.402,167.535,"как"
"words@vm1987f","@vm1987f",167.535,167.801,"обычно"
"words@vm1987f","@vm1987f",167.801,168.657,"проходит"
"words@vm1987f","@vm1987f",168.657,168.85,"день"
"words@vm1987f","@vm1987f",168.85,169.453,"кондитера"
"words@vm1987f","@vm1987f",169.453,169.657,"Леры"
"words@vm1987f","@vm1987f",169.657,170.104,"Аникиной"
"words@vm1987f","@vm1987f",170.104,170.193,"/"
"words@vm1987f","@vm1987f",170.193,170.259,"/"
"words@vm1987f","@vm1987f",178.253,178.512,"мгм"
"words@vm1987f","@vm1987f",180.513,180.854,"мгм"
"words@vm1987f","@vm1987f",193.002,193.308,"мгм"
"words@vm1987f","@vm1987f",197.253,197.657,"мгм"
"words@vm1987f","@vm1987f",215.804,215.917,"то"
"words@vm1987f","@vm1987f",215.917,216.071,"есть"
"words@vm1987f","@vm1987f",216.071,216.171,"ты"
"words@vm1987f","@vm1987f",216.171,216.513,"ночной"
"words@vm1987f","@vm1987f",216.513,216.839,"кондитер"
"words@vm1987f","@vm1987f",216.839,216.933,"/"
"words@vm1987f","@vm1987f",216.933,217.008,"/"
"words@vm1987f","@vm1987f",220.094,220.355,"мгм"
"words@vm1987f","@vm1987f",220.504,220.64,"что"
"words@vm1987f","@vm1987f",220.64,221.337,"вдохновляет"
"words@vm1987f","@vm1987f",221.337,221.458,"на"
"words@vm1987f","@vm1987f",221.458,221.795,"торты"
"words@vm1987f","@vm1987f",221.795,221.878,"/"
"words@vm1987f","@vm1987f",221.878,221.96,"/"
"words@vm1987f","@vm1987f",230.507,230.852,"мгм"
"words@vm1987f","@vm1987f",232.006,232.256,"мгм"
"words@vm1987f","@vm1987f",234.005,234.448,"мгм"
"words@vm1987f","@vm1987f",237.504,237.76,"мгм"
"words@vm1987f","@vm1987f",247.008,247.313,"мгм"
"words@vm1987f","@vm1987f",253.507,253.903,"мгм"
"words@vm1987f","@vm1987f",258.999,259.077,"у"
"words@vm1987f","@vm1987f",259.077,259.254,"меня"
"words@vm1987f","@vm1987f",259.254,259.425,"тогда"
"words@vm1987f","@vm1987f",259.425,259.845,"следующий"
"words@vm1987f","@vm1987f",259.845,260.259,"вопрос"
"words@vm1987f","@vm1987f",260.259,260.69,"просто"
"words@vm1987f","@vm1987f",260.69,260.806,"он"
"words@vm1987f","@vm1987f",260.806,260.883,"уже"
"words@vm1987f","@vm1987f",260.883,260.939,"/"
"words@vm1987f","@vm1987f",260.939,261.007,"/"
"words@vm1987f","@vm1987f",261.759,262.027,"твои"
"words@vm1987f","@vm1987f",262.027,262.27,"торты"
"words@vm1987f","@vm1987f",262.27,262.397,"это"
"words@vm1987f","@vm1987f",262.397,262.867,"всегда"
"words@vm1987f","@vm1987f",262.867,263.425,"такая"
"words@vm1987f","@vm1987f",263.425,264.071,"яркость"
"words@vm1987f","@vm1987f",264.071,264.535,"/"
"words@vm1987f","@vm1987f",264.535,264.801,"так"
"words@vm1987f","@vm1987f",264.801,264.928,"как"
"words@vm1987f","@vm1987f",264.928,265.27,"это"
"words@vm1987f","@vm1987f",265.27,265.381,"/"
"words@vm1987f","@vm1987f",265.381,265.453,"/"
"words@vm1987f","@vm1987f",265.453,266.038,"безумие"
"words@vm1987f","@vm1987f",266.038,266.381,"/"
"words@vm1987f","@vm1987f",266.381,266.662,"как..."
"words@vm1987f","@vm1987f",266.662,267.419,"#смех#"
"words@vm1987f","@vm1987f",267.419,267.569,"как"
"words@vm1987f","@vm1987f",267.569,267.762,"там"
"words@vm1987f","@vm1987f",267.762,268.226,"хештэг"
"words@vm1987f","@vm1987f",268.226,268.414,"был"
"words@vm1987f","@vm1987f",268.414,268.486,"/"
"words@vm1987f","@vm1987f",268.486,268.556,"/"
"words@vm1987f","@vm1987f",269.653,269.773,"да"
"words@vm1987f","@vm1987f",269.773,270.618,"великолепное"
"words@vm1987f","@vm1987f",270.618,271.232,"безумие"
"words@vm1987f","@vm1987f",271.232,271.37,"и"
"words@vm1987f","@vm1987f",271.37,271.685,"так"
"words@vm1987f","@vm1987f",271.685,271.828,"далее"
"words@vm1987f","@vm1987f",271.828,271.922,"/"
"words@vm1987f","@vm1987f",271.922,272.0,"/"
"words@vm1987f","@vm1987f",272.501,272.779,"Вот"
"words@vm1987f","@vm1987f",272.779,273.027,"/"
"words@vm1987f","@vm1987f",273.027,273.421,"эээ"
"words@vm1987f","@vm1987f",273.421,273.95,"/"
"words@vm1987f","@vm1987f",273.95,274.049,"у"
"words@vm1987f","@vm1987f",274.049,274.281,"многих"
"words@vm1987f","@vm1987f",274.281,274.95,"начинающих"
"words@vm1987f","@vm1987f",274.95,275.337,"кондитеров"
"words@vm1987f","@vm1987f",275.337,275.392,"в"
"words@vm1987f","@vm1987f",275.392,275.679,"принципе"
"words@vm1987f","@vm1987f",275.679,275.928,"всегда"
"words@vm1987f","@vm1987f",275.928,276.165,"такой"
"words@vm1987f","@vm1987f",276.165,276.436,"вопрос"
"words@vm1987f","@vm1987f",276.436,276.939,"возникает"
"words@vm1987f","@vm1987f",276.939,277.082,"а"
"words@vm1987f","@vm1987f",277.082,277.215,"как"
"words@vm1987f","@vm1987f",277.215,277.298,"я"
"words@vm1987f","@vm1987f",277.298,277.447,"это"
"words@vm1987f","@vm1987f",277.447,278.138,"предложу"
"words@vm1987f","@vm1987f",278.138,278.436,"к..."
"words@vm1987f","@vm1987f",278.436,279.077,"своим"
"words@vm1987f","@vm1987f",279.077,279.685,"клиентам"
"words@vm1987f","@vm1987f",279.685,279.773,"/"
"words@vm1987f","@vm1987f",279.773,279.862,"/"
"words@vm1987f","@vm1987f",280.16,280.281,"то"
"words@vm1987f","@vm1987f",280.281,280.425,"есть"
"words@vm1987f","@vm1987f",280.425,280.535,"вот"
"words@vm1987f","@vm1987f",280.535,280.674,"этот"
"words@vm1987f","@vm1987f",280.674,280.795,"вот"
"words@vm1987f","@vm1987f",280.795,281.115,"страх"
"words@vm1987f","@vm1987f",281.115,281.37,"/"
"words@vm1987f","@vm1987f",281.37,281.48,"у"
"words@vm1987f","@vm1987f",281.48,282.154,"начинающего"
"words@vm1987f","@vm1987f",282.154,282.834,"кондитера"
"words@vm1987f","@vm1987f",282.834,282.994,"он"
"words@vm1987f","@vm1987f",282.994,283.508,"всегда"
"words@vm1987f","@vm1987f",283.508,283.823,"есть"
"words@vm1987f","@vm1987f",283.823,283.922,"/"
"words@vm1987f","@vm1987f",283.922,284.0,"/"
"words@vm1987f","@vm1987f",284.504,284.89,"эээ"
"words@vm1987f","@vm1987f",284.89,285.276,"/"
"words@vm1987f","@vm1987f",285.276,285.381,"он"
"words@vm1987f","@vm1987f",285.381,285.696,"начинает"
"words@vm1987f","@vm1987f",285.696,285.795,"с"
"words@vm1987f","@vm1987f",285.795,285.968,"того"
"words@vm1987f","@vm1987f",285.968,286.212,"что"
"words@vm1987f","@vm1987f",286.212,286.53,"/"
"words@vm1987f","@vm1987f",286.53,286.668,"вот"
"words@vm1987f","@vm1987f",286.668,286.767,"то"
"words@vm1987f","@vm1987f",286.767,286.889,"что"
"words@vm1987f","@vm1987f",286.889,287.11,"хочет"
"words@vm1987f","@vm1987f",287.11,287.516,"клиент"
"words@vm1987f","@vm1987f",287.516,287.922,"/"
"words@vm1987f","@vm1987f",287.922,288.005,"и"
"words@vm1987f","@vm1987f",288.005,288.143,"так"
"words@vm1987f","@vm1987f",288.143,288.226,"и"
"words@vm1987f","@vm1987f",288.226,288.591,"остается"
"words@vm1987f","@vm1987f",288.591,288.74,"вот"
"words@vm1987f","@vm1987f",288.74,288.828,"в"
"words@vm1987f","@vm1987f",288.828,289.005,"этом"
"words@vm1987f","@vm1987f",289.005,289.475,"замкнутом"
"words@vm1987f","@vm1987f",289.475,290.071,"пространстве"
"words@vm1987f","@vm1987f",290.071,290.237,"то,"
"words@vm1987f","@vm1987f",290.237,290.375,"что"
"words@vm1987f","@vm1987f",290.375,290.895,"хочет"
"words@vm1987f","@vm1987f",290.895,291.243,"клиент"
"words@vm1987f","@vm1987f",291.243,291.32,"/"
"words@vm1987f","@vm1987f",291.32,291.413,"/"
"words@vm1987f","@vm1987f",291.692,291.834,"как"
"words@vm1987f","@vm1987f",291.834,291.955,"из"
"words@vm1987f","@vm1987f",291.955,292.11,"него"
"words@vm1987f","@vm1987f",292.11,292.79,"выбраться"
"words@vm1987f","@vm1987f",292.79,292.917,"/"
"words@vm1987f","@vm1987f",292.917,293.011,"/"
"words@vm1987f","@vm1987f",293.198,293.342,"как"
"words@vm1987f","@vm1987f",293.342,293.662,"выйти"
"words@vm1987f","@vm1987f",293.662,293.867,"вот"
"words@vm1987f","@vm1987f",293.867,293.972,"за"
"words@vm1987f","@vm1987f",293.972,294.53,"рамки"
"words@vm1987f","@vm1987f",294.53,294.779,"вот"
"words@vm1987f","@vm1987f",294.779,294.889,"я"
"words@vm1987f","@vm1987f",294.889,295.121,"имею"
"words@vm1987f","@vm1987f",295.121,295.232,"в"
"words@vm1987f","@vm1987f",295.232,295.425,"виду"
"words@vm1987f","@vm1987f",295.425,296.121,"обыденности"
"words@vm1987f","@vm1987f",296.121,296.458,"такой"
"words@vm1987f","@vm1987f",296.458,296.812,"/"
"words@vm1987f","@vm1987f",296.812,297.331,"кондитерской"
"words@vm1987f","@vm1987f",297.331,297.419,"/"
"words@vm1987f","@vm1987f",297.419,297.508,"/"
"words@vm1987f","@vm1987f",305.11,305.381,"мгм"
"words@vm1987f","@vm1987f",313.008,313.319,"мгм"
"words@vm1987f","@vm1987f",315.5,315.813,"мгм"
"words@vm1987f","@vm1987f",324.004,324.495,"мгм"
"words@vm1987f","@vm1987f",325.061,325.364,"да"
"words@vm1987f","@vm1987f",334.807,335.209,"мгм"
"words@vm1987f","@vm1987f",346.5,346.901,"мгм"
"words@vm1987f","@vm1987f",355.364,355.606,"мгм"
